{
    "description": "This repository contains the raw data from Rust (1987) and data reading and processing functions.", 
    "license": "other-open", 
    "title": "Nested fixed point maximum likelihood algorithm", 
    "upload_type": "software", 
    "publication_date": "1987", 
    "creators": [
        {
            "name": "John Rust"
        }
    ], 
    "access_right": "open", 
    "related_identifiers": [
        {
            "scheme": "url", 
            "identifier": "https://editorialexpress.com/jrust/nfxp", 
            "relation": "isSupplementTo"
        }
    ]
}
